ssimloss1,normloss1,totalloss1
23.693312,0.12114914,23.81446
43.99028,0.19289878,44.183178
25.546608,0.1129567,25.659565
23.206335,0.12053326,23.326868
28.639788,0.12778415,28.767572
